{
    "total_runtime": 194.87970685958862,
    "num_documents": 6,
    "input_load_time": 0,
    "workflows": {
        "create_base_text_units": {
            "overall": 0.08396220207214355
        },
        "create_final_documents": {
            "overall": 0.03196883201599121
        },
        "extract_graph": {
            "overall": 156.29580879211426
        },
        "finalize_graph": {
            "overall": 0.06641697883605957
        },
        "create_communities": {
            "overall": 0.05169987678527832
        },
        "create_final_text_units": {
            "overall": 0.06774401664733887
        },
        "create_community_reports": {
            "overall": 35.492732763290405
        },
        "generate_text_embeddings": {
            "overall": 2.623094081878662
        }
    }
}